<?xml version="1.0" encoding="utf-8"?>
<extension version="3.0" type="plugin" group="system" method="upgrade">
    <name>GetSale</name>
    <author>GetSale Team</author>
    <creationDate>04.09.2017</creationDate>
    <copyright>(C) 2017 by GetSale Team (https://getsale.io)</copyright>
    <license>GNU/GPL: http://www.gnu.org/copyleft/gpl.html</license>
    <authorEmail>support@getsale.io</authorEmail>
    <authorUrl>https://getsale.io</authorUrl>
    <version>1.0.1</version>
    <description>
        <![CDATA[
<link rel="stylesheet" type="text/css" href="/plugins/system/getsale/style.css">
<script src="/plugins/system/getsale/main.js"> </script>
<div id="before_install" style="display:none;">
Плагин GetSale успешно установлен!

Для начала работы плагина необходимо ввести Email и Ключ API, полученный в личном кабинете на сайте <a href="https://getsale.io">GetSale</a>
</div>]]>
    </description>
    <languages folder="language">
        <language tag="ru-RU">ru-RU/ru-RU.plg_system_getsale.ini</language>
        <language tag="ru-RU">ru-RU/ru-RU.plg_system_getsale.sys.ini</language>
        <language tag="en-GB">en-GB/en-GB.plg_system_getsale.ini</language>
        <language tag="en-GB">en-GB/en-GB.plg_system_getsale.sys.ini</language>
    </languages>
    <files>
        <filename plugin="getsale">getsale.php</filename>
        <filename>index.html</filename>
        <filename>style.css</filename>
        <filename>ok.png</filename>
        <filename>main.js</filename>
        <filename>log.txt</filename>
    </files>
    <config>
        <fields name="params">
            <fieldset name="basic">
                <field
                        name="getsale_id"
                        type="hidden"
                        default=""/>
                <field
                        name="email"
                        type="text"
                        default=""
                        label="PLG_GETSALE_EMAIL"
                        description="PLG_GETSALE_EMAIL_DESC"/>
                <field
                        name="app_key"
                        type="text"
                        default=""
                        label="PLG_GETSALE_APP_KEY"
                        description="PLG_GETSALE_APP_KEY_DESC"/>
            </fieldset>
        </fields>
    </config>
    <updateservers>
        <server type="extension" priority="1" name="GetSale">
            https://getsale.io/
        </server>
    </updateservers>
</extension>
