<?xml version="1.0" encoding="utf-8"?>
<updates>
			<update>
				<name>getsale</name>
				<description>getsale</description>
				<element>getsale</element>
				<type>plugin</type>
				<version>1.0.2</version>
				<infourl title="GetSale">https://getsale.io/</infourl>
				<downloads>
					<downloadurl type="full" format="zip">https://getsale.io/plugins/joomla3/getsale.joomla.zip</downloadurl>
				</downloads>
				<tags>
					<tag>stable</tag>
				</tags>
				<maintainer>GetSale</maintainer>
				<maintainerurl>https://getsale.io/</maintainerurl>
				<section>Updates</section>
				<targetplatform name="joomla" version="3.6" />
				<client>0</client>
				<folder>system</folder>
			</update>
</updates>
